01.01.2020,4410,4243,4063,3924,3838,3795,3800,3886,4071,4304,4443,4499,4493,4400,4324,4351,4548,4957,5191,5127,4999,4821,4722,4468
02.01.2020,4151,3938,3824,3772,3811,3929,4249,4714,5248,5531,5546,5459,5323,5203,5119,5114,5279,5661,5902,5859,5642,5429,5290,4988
03.01.2020,4628,4381,4243,4211,4211,4327,4629,5091,5583,5798,5746,5577,5389,5278,5145,5147,5306,5703,5938,5865,5631,5399,5257,4950
04.01.2020,4608,4364,4216,4172,4166,4226,4366,4624,5064,5320,5307,5187,5032,4857,4720,4754,4988,5492,5693,5561,5335,5095,4969,4695
05.01.2020,4361,4130,3975,3913,3890,3924,4031,4230,4669,5088,5360,5456,5488,5456,5394,5421,5639,6020,6188,6045,5826,5500,5292,4917
06.01.2020,4528,4303,4190,4155,4214,4399,4935,5517,5975,6156,6066,6050,5965,5940,5910,5946,6038,6204,6389,6318,6099,5824,5623,5239
07.01.2020,4822,4583,4466,4430,4473,4649,5162,5740,6160,6304,6155,5995,5818,5723,5634,5678,5813,6187,6503,6407,6164,5927,5761,5395
08.01.2020,4978,4736,4621,4585,4610,4790,5328,5930,6344,6415,6240,6050,5844,5745,5669,5682,5815,6217,6560,6547,6311,6066,5812,5375
09.01.2020,4941,4677,4568,4531,4588,4749,5335,5938,6348,6459,6250,6028,5805,5696,5616,5611,5765,6122,6440,6393,6156,5926,5691,5273
10.01.2020,4842,4581,4467,4443,4480,4654,5177,5768,6133,6195,5966,5746,5511,5412,5333,5334,5440,5832,6177,6125,5882,5626,5385,5065
11.01.2020,4731,4479,4353,4294,4310,4359,4542,4827,5299,5587,5515,5363,5300,5177,5099,5132,5350,5737,5883,5718,5422,5193,5033,4747
12.01.2020,4491,4264,4121,4049,4024,4044,4176,4406,4834,5231,5456,5507,5542,5416,5265,5254,5431,5875,6092,5991,5741,5451,5177,4828
13.01.2020,4495,4271,4155,4086,4135,4351,4921,5537,5983,6157,6000,5838,5660,5618,5491,5488,5588,5899,6215,6174,5935,5660,5391,5006
14.01.2020,4664,4458,4339,4325,4386,4552,5071,5667,6063,6209,6041,5895,5730,5602,5463,5475,5583,5951,6292,6262,6060,5802,5540,5134
15.01.2020,4758,4547,4430,4413,4480,4652,5189,5768,6133,6282,6120,5978,5845,5755,5636,5645,5723,6062,6407,6424,6164,5903,5600,5167
16.01.2020,4820,4589,4485,4449,4511,4671,5183,5782,6153,6320,6220,6149,6036,5979,5876,5841,5887,6143,6476,6470,6205,5916,5623,5204
17.01.2020,4858,4616,4494,4472,4517,4694,5208,5759,6148,6349,6252,6174,6086,6007,5902,5900,5955,6196,6451,6355,6056,5813,5613,5245
18.01.2020,4903,4648,4476,4425,4428,4469,4630,4940,5414,5818,5901,5866,5808,5660,5523,5478,5630,5960,6130,6015,5760,5455,5285,4986
19.01.2020,4694,4481,4321,4269,4238,4305,4412,4613,5083,5526,5694,5770,5822,5728,5611,5628,5802,6169,6395,6267,6030,5691,5394,5036
20.01.2020,4687,4456,4342,4303,4363,4554,5100,5689,6115,6357,6269,6157,6050,6023,5937,5943,5988,6167,6514,6507,6245,5996,5746,5289
21.01.2020,4934,4700,4600,4560,4618,4776,5340,5929,6344,6419,6257,6108,5939,5829,5728,5730,5810,6149,6566,6545,6327,6090,5800,5395
22.01.2020,5032,4779,4658,4626,4683,4868,5397,5992,6361,6397,6164,5958,5762,5623,5524,5514,5606,5963,6387,6425,6185,5912,5627,5197
23.01.2020,4827,4591,4424,4379,4435,4647,5120,5689,6100,6190,6050,5925,5738,5628,5534,5563,5644,5957,6434,6451,6207,5947,5693,5306
24.01.2020,4902,4674,4577,4544,4611,4790,5354,5944,6329,6372,6139,5931,5731,5605,5501,5486,5586,5899,6348,6333,6061,5801,5581,5215
25.01.2020,4902,4698,4555,4485,4490,4598,4777,5098,5631,5852,5716,5500,5331,5116,4935,4887,5029,5487,5896,5797,5561,5295,5113,4838
26.01.2020,4568,4321,4217,4167,4168,4224,4342,4585,5069,5361,5353,5181,5048,4880,4716,4725,4928,5487,5917,5826,5591,5284,5039,4676
27.01.2020,4322,4093,4004,3959,4021,4205,4702,5256,5763,5929,5824,5717,5576,5542,5469,5522,5572,5737,5990,5918,5622,5368,5141,4751
28.01.2020,4422,4195,4090,4069,4107,4255,4710,5236,5633,5693,5526,5372,5196,5112,4974,4966,5040,5297,5749,5746,5505,5255,5036,4663
29.01.2020,4310,4089,3989,3969,4013,4152,4557,5014,5460,5710,5670,5644,5502,5409,5297,5257,5340,5537,5890,5848,5607,5366,5210,4850
30.01.2020,4463,4228,4104,4060,4060,4232,4707,5169,5591,5673,5595,5546,5474,5411,5301,5257,5304,5529,5962,5941,5736,5484,5283,4899
31.01.2020,4573,4356,4246,4210,4265,4416,4841,5333,5733,5767,5596,5422,5234,5163,5049,5020,5068,5327,5702,5686,5457,5196,5038,4724
01.02.2020,4420,4168,4021,3936,3919,3965,4090,4360,4822,5053,4944,4775,4693,4492,4321,4288,4390,4756,5285,5242,4997,4795,4651,4359
02.02.2020,4110,3901,3813,3750,3761,3798,3928,4152,4558,4783,4719,4589,4554,4447,4333,4339,4486,4867,5434,5381,5158,4846,4620,4273
03.02.2020,3999,3785,3687,3650,3696,3881,4335,4866,5323,5390,5240,5076,4913,4855,4765,4736,4825,5051,5460,5429,5174,4869,4652,4335
04.02.2020,4027,3824,3719,3692,3732,3822,4277,4731,5114,5157,5032,4941,4878,4852,4830,4852,4921,5031,5439,5470,5252,5033,4862,4533
05.02.2020,4247,4049,3961,3986,4029,4143,4547,5059,5523,5816,5809,5793,5785,5816,5813,5816,5812,5928,6209,6122,5769,5400,5128,4795
06.02.2020,4519,4310,4194,4160,4199,4331,4716,5180,5600,5870,5900,5893,5780,5722,5692,5704,5778,5926,6293,6285,6017,5746,5531,5179
07.02.2020,4794,4553,4424,4395,4448,4615,5046,5553,6001,6081,5991,5900,5763,5762,5682,5687,5756,5879,6271,6212,5936,5693,5495,5208
08.02.2020,4872,4667,4570,4527,4532,4581,4756,5071,5568,5816,5733,5628,5538,5381,5264,5214,5384,5673,6101,6060,5839,5585,5421,5160
09.02.2020,4891,4662,4561,4496,4494,4559,4672,4944,5432,5695,5710,5607,5510,5285,5112,5106,5301,5650,6248,6268,6077,5760,5528,5100
10.02.2020,4761,4586,4460,4424,4495,4711,5326,5836,6174,6194,6050,5826,5605,5548,5521,5562,5535,5695,6141,6187,5946,5660,5434,5030
11.02.2020,4584,4382,4278,4243,4275,4449,4960,5476,5833,5919,5709,5515,5301,5269,5252,5331,5419,5656,6032,6067,5793,5554,5336,4950
12.02.2020,4550,4375,4270,4219,4245,4415,4898,5421,5757,5806,5623,5505,5352,5236,5136,5131,5206,5420,5950,6038,5794,5552,5311,4888
13.02.2020,4522,4261,4158,4111,4171,4358,4903,5435,5713,5669,5436,5265,5096,5033,4967,4965,4997,5227,5860,5996,5795,5557,5376,4939
14.02.2020,4555,4338,4251,4217,4275,4451,4985,5509,5868,5926,5745,5599,5437,5394,5342,5313,5388,5585,5983,5923,5601,5303,5163,4869
15.02.2020,4521,4286,4154,4084,4072,4109,4233,4547,5058,5339,5393,5347,5270,5140,5000,4957,5041,5265,5587,5566,5329,5062,4955,4638
16.02.2020,4380,4202,4090,4043,4040,4065,4229,4540,4975,5147,5099,4965,4880,4730,4617,4622,4754,5154,5744,5860,5649,5360,5120,4719
17.02.2020,4377,4150,4068,4046,4097,4305,4882,5432,5798,5780,5483,5259,5055,4980,4897,4870,4884,5077,5653,5851,5630,5388,5181,4735
18.02.2020,4401,4237,4133,4101,4167,4321,4870,5393,5670,5606,5288,5061,4854,4801,4720,4717,4733,4956,5599,5781,5564,5288,5014,4626
19.02.2020,4268,4056,3957,3919,3957,4137,4648,5139,5506,5531,5379,5259,5164,5113,5090,5153,5203,5381,5786,5831,5587,5311,5057,4676
20.02.2020,4303,4065,3964,3930,3966,4133,4643,5147,5572,5707,5648,5615,5529,5519,5462,5478,5505,5625,5949,5973,5730,5491,5275,4818
21.02.2020,4467,4244,4136,4089,4101,4234,4736,5247,5597,5646,5479,5340,5176,5139,5076,5129,5144,5245,5681,5842,5600,5347,5180,4851
22.02.2020,4463,4204,4078,4025,4022,4090,4221,4522,4985,5105,5054,4957,4901,4806,4761,4783,4896,5124,5478,5508,5259,5022,4865,4590
23.02.2020,4343,4132,4013,3963,4002,4065,4170,4462,4906,5129,5082,4970,4892,4748,4611,4603,4685,5012,5562,5726,5496,5171,4988,4583
24.02.2020,4201,3998,3878,3836,3884,4044,4566,5126,5533,5637,5398,5196,5046,5006,4911,4885,4902,4997,5550,5737,5502,5248,5018,4670
25.02.2020,4312,4109,4023,3988,4034,4239,4743,5270,5524,5448,5164,5000,4844,4798,4735,4704,4728,4910,5475,5678,5478,5202,4981,4568
26.02.2020,4220,4006,3890,3870,3902,4067,4550,5048,5296,5247,5033,4867,4730,4656,4609,4593,4621,4780,5323,5537,5309,5049,4808,4508
27.02.2020,4092,3853,3759,3722,3757,3925,4386,4842,5090,5111,5040,5039,5058,5119,5090,5130,5187,5281,5692,5827,5566,5321,5071,4687
28.02.2020,4357,4140,4042,4014,4045,4228,4693,5214,5511,5560,5329,5191,5018,4965,5013,5068,5163,5340,5732,5797,5507,5180,5021,4705
29.02.2020,4388,4162,4024,3999,3994,4046,4236,4586,5080,5254,5228,5139,5053,4923,4771,4695,4743,4900,5364,5542,5288,5000,4840,4582
01.03.2020,4316,4105,3991,3920,3919,3964,4096,4398,4796,4880,4842,4781,4698,4534,4421,4412,4555,4855,5344,5449,5231,4999,4837,4405
02.03.2020,4103,3885,3783,3729,3763,3933,4349,4833,5079,5134,4981,4843,4683,4549,4401,4362,4382,4472,4999,5196,4949,4688,4476,4179
03.03.2020,3782,3568,3499,3459,3464,3543,3693,4012,4436,4640,4568,4458,4365,4202,4051,4014,4071,4295,4779,4976,4777,4521,4327,3987
04.03.2020,3688,3485,3370,3336,3390,3555,4010,4514,4844,4933,4864,4739,4611,4620,4589,4656,4763,4903,5276,5405,5160,4870,4639,4280
05.03.2020,3931,3735,3658,3605,3643,3797,4260,4795,5189,5307,5235,5182,5095,5067,4989,4957,4942,5001,5388,5584,5353,5075,4889,4511
06.03.2020,4169,3968,3868,3836,3870,4025,4439,4900,5182,5205,5018,4884,4784,4744,4657,4665,4684,4789,5215,5366,5110,4843,4637,4345
07.03.2020,4044,3830,3691,3651,3651,3728,3868,4159,4528,4674,4535,4427,4396,4333,4256,4239,4390,4582,4938,5025,4754,4482,4323,4065
08.03.2020,3867,3666,3545,3463,3436,3498,3592,3853,4236,4493,4527,4576,4575,4454,4410,4415,4552,4809,5125,5155,4918,4662,4448,4135
09.03.2020,3877,3714,3603,3581,3628,3751,4168,4686,5127,5355,5319,5280,5193,5181,5070,4997,5037,5090,5445,5589,5336,4981,4809,4528
10.03.2020,4145,3913,3819,3778,3762,3948,4311,4794,5266,5394,5372,5347,5252,5269,5214,5236,5258,5277,5599,5695,5412,4961,4737,4365
11.03.2020,4088,3898,3810,3755,3805,3955,4352,4814,5232,5296,5161,5035,4826,4813,4678,4636,4646,4744,5227,5555,5295,5013,4609,4335
12.03.2020,4005,3793,3663,3609,3654,3806,4185,4606,4874,4853,4641,4521,4373,4377,4311,4277,4266,4330,4818,5243,5039,4779,4541,4187
13.03.2020,3858,3667,3518,3492,3524,3691,4089,4520,4760,4721,4546,4446,4316,4328,4236,4151,4143,4175,4573,4883,4723,4438,4301,4024
14.03.2020,3737,3490,3387,3335,3324,3355,3411,3721,3995,4095,4077,3977,4038,4011,3965,3983,4110,4330,4650,4751,4538,4290,4134,3897
15.03.2020,3657,3488,3361,3291,3273,3310,3416,3720,4163,4512,4654,4768,4766,4749,4638,4629,4713,4905,5187,5274,5063,4773,4592,4233
16.03.2020,3970,3785,3689,3656,3691,3858,4238,4744,5145,5238,5123,5057,4942,4874,4797,4707,4687,4764,5171,5548,5333,5022,4786,4482
17.03.2020,4155,3915,3810,3766,3800,3946,4245,4718,5112,5183,5049,4956,4854,4718,4561,4500,4475,4559,5013,5373,5135,4834,4637,4354
18.03.2020,3969,3726,3624,3596,3639,3746,4049,4513,4892,5013,4958,4888,4754,4716,4589,4596,4630,4738,5151,5425,5230,4879,4707,4352
19.03.2020,3998,3774,3675,3632,3685,3831,4136,4568,4950,4992,4868,4761,4615,4582,4451,4384,4379,4496,4975,5336,5159,4842,4603,4294
20.03.2020,3945,3712,3607,3558,3594,3727,4003,4439,4847,4962,4847,4711,4535,4470,4329,4222,4232,4299,4696,5070,4835,4551,4372,4093
21.03.2020,3782,3556,3445,3379,3371,3433,3538,3836,4073,4209,4212,4174,4153,4038,3884,3797,3826,3965,4379,4799,4583,4280,4106,3816
22.03.2020,3559,3358,3241,3200,3177,3284,3357,3580,3888,4130,4246,4263,4278,4178,4097,4138,4382,4662,4920,5033,4760,4465,4296,4024
23.03.2020,3788,3609,3513,3485,3541,3666,3984,4525,5043,5355,5433,5500,5446,5382,5294,5251,5329,5413,5610,5725,5428,5133,4941,4672
24.03.2020,4325,4093,3986,3923,3952,4061,4349,4828,5304,5624,5697,5743,5683,5599,5459,5441,5508,5575,5775,5869,5557,5260,5072,4754
25.03.2020,4393,4152,4030,3978,3996,4098,4348,4867,5416,5681,5728,5769,5709,5602,5464,5437,5516,5552,5765,5851,5535,5217,5003,4688
26.03.2020,4331,4097,3965,3915,3933,4038,4324,4818,5327,5627,5685,5678,5573,5464,5306,5236,5265,5284,5532,5708,5401,5099,4935,4621
27.03.2020,4239,3989,3874,3811,3832,3959,4233,4670,5080,5221,5149,5091,4928,4812,4656,4588,4673,4798,5122,5384,5091,4830,4662,4395
28.03.2020,4018,3784,3660,3595,3597,3625,3748,4044,4351,4539,4600,4548,4528,4359,4183,4130,4174,4379,4751,5055,4807,4400,4256,3978
29.03.2020,3802,3583,3450,3433,3405,3424,3474,3609,3973,4275,4405,4439,4385,4244,4116,4019,4050,4129,4357,4702,4903,4682,4416,4140
30.03.2020,3816,3555,3400,3323,3345,3460,3715,4059,4536,4694,4629,4546,4424,4357,4225,4136,4099,4137,4313,4626,4798,4564,4328,4128
31.03.2020,3757,3513,3388,3338,3379,3486,3724,4085,4629,4941,5032,5041,4930,4855,4737,4692,4709,4826,5017,5193,5129,4923,4708,4506
01.04.2020,4123,3863,3741,3688,3713,3813,4088,4482,5081,5451,5542,5613,5565,5499,5379,5317,5299,5285,5412,5499,5409,5148,4894,4639
02.04.2020,4278,4015,3874,3823,3822,3917,4205,4604,5166,5489,5543,5584,5474,5365,5196,5072,4988,4992,5099,5223,5321,5073,4883,4614
03.04.2020,4228,3947,3831,3781,3806,3916,4212,4637,5102,5263,5189,5072,4895,4769,4613,4477,4399,4396,4596,4892,5006,4815,4610,4359
04.04.2020,4010,3727,3577,3509,3493,3507,3570,3786,4252,4632,4837,4918,4908,4774,4609,4564,4562,4677,4834,4965,4903,4635,4479,4252
05.04.2020,3941,3667,3518,3444,3427,3461,3484,3673,4151,4556,4807,4920,4920,4775,4581,4526,4608,4731,4876,5009,5021,4768,4562,4275
06.04.2020,3923,3659,3524,3463,3481,3600,3915,4341,4846,5035,5057,5005,4889,4799,4651,4571,4539,4560,4721,4942,5056,4811,4595,4417
07.04.2020,4008,3705,3544,3498,3518,3639,3922,4334,4792,4901,4804,4743,4633,4531,4379,4280,4236,4254,4443,4716,4928,4771,4521,4276
08.04.2020,3856,3600,3464,3416,3452,3566,3855,4275,4701,4813,4699,4610,4493,4415,4263,4185,4117,4116,4310,4584,4852,4681,4418,4139
09.04.2020,3745,3482,3371,3330,3352,3469,3743,4150,4567,4680,4569,4446,4323,4245,4121,4031,3981,3977,4133,4406,4669,4531,4305,4009
10.04.2020,3628,3383,3260,3220,3244,3350,3635,4023,4393,4481,4383,4290,4215,4145,4024,3949,3893,3896,4035,4254,4437,4319,4119,3896
11.04.2020,3569,3333,3205,3128,3107,3149,3245,3489,3758,3937,4002,3986,3926,3832,3676,3570,3619,3686,3820,4089,4365,4183,3985,3754
12.04.2020,3435,3199,3048,2992,3000,3045,3130,3370,3652,3870,3979,3958,3925,3795,3638,3569,3625,3756,3903,4118,4388,4245,4040,3738
13.04.2020,3386,3148,3026,2989,3011,3149,3436,3832,4227,4358,4243,4170,4100,4046,3932,3859,3828,3820,4024,4252,4466,4263,3990,3701
14.04.2020,3393,3162,3060,3022,3022,3129,3382,3745,4091,4267,4219,4166,4071,4054,3955,3907,3951,4029,4288,4465,4403,4250,4065,3851
15.04.2020,3531,3289,3132,3099,3117,3233,3492,3925,4455,4732,4770,4777,4677,4598,4408,4349,4290,4245,4367,4520,4640,4509,4262,3985
16.04.2020,3623,3380,3273,3235,3261,3381,3675,4054,4392,4495,4395,4307,4188,4101,3960,3875,3810,3799,3900,4081,4358,4279,4065,3774
17.04.2020,3409,3123,2963,2885,2865,2900,2996,3208,3464,3634,3640,3598,3561,3467,3332,3261,3256,3326,3429,3621,3888,3838,3653,3453
18.04.2020,3114,2872,2744,2691,2685,2740,2816,3078,3467,3677,3771,3792,3751,3625,3506,3430,3434,3463,3542,3678,3900,3777,3566,3312
19.04.2020,2985,2733,2597,2523,2509,2552,2617,2892,3296,3648,3858,3902,3706,3341,3084,2985,2966,3010,3067,3175,3396,3324,3194,3042
20.04.2020,2777,2579,2469,2432,2437,2459,2525,2745,3079,3331,3445,3520,3534,3434,3324,3312,3362,3487,3696,3844,3862,3710,3509,3345
21.04.2020,3015,2781,2665,2633,2659,2802,3073,3497,4008,4303,4373,4413,4364,4338,4243,4231,4238,4266,4452,4547,4501,4316,4070,3848
22.04.2020,3493,3256,3119,3095,3094,3204,3468,3858,4276,4424,4380,4317,4219,4184,4056,3961,3914,3898,4038,4258,4425,4397,4156,3871
23.04.2020,3492,3246,3103,3054,3092,3203,3472,3831,4212,4318,4216,4148,4071,4031,3929,3855,3821,3797,3963,4185,4426,4367,4134,3866
24.04.2020,3462,3229,3107,3069,3113,3225,3459,3826,4184,4255,4193,4135,4043,3992,3884,3819,3772,3761,3898,4095,4272,4204,4063,3819
25.04.2020,3474,3230,3084,3036,3007,3052,3139,3406,3651,3818,3831,3810,3745,3656,3530,3463,3449,3510,3648,3826,4047,3991,3849,3622
26.04.2020,3284,3017,2900,2852,2860,2879,2889,3145,3436,3692,3832,3868,3849,3716,3592,3537,3603,3736,3897,4062,4156,4011,3865,3551
27.04.2020,3209,2976,2865,2832,2850,2969,3225,3586,3923,4051,4018,4050,3951,3888,3799,3745,3726,3707,3821,3999,4120,4056,3865,3648
28.04.2020,3262,3008,2853,2805,2848,2983,3233,3602,3908,4037,3968,3980,3877,3846,3763,3728,3720,3723,3883,3984,4121,4089,3837,3579
29.04.2020,3228,2993,2824,2807,2810,2910,3141,3487,3829,3947,3884,3853,3785,3803,3717,3674,3670,3686,3827,3960,3986,3904,3689,3441
30.04.2020,3099,2877,2765,2732,2752,2849,3070,3422,3764,3898,3860,3823,3768,3735,3668,3635,3610,3588,3700,3801,3862,3789,3556,3316
01.05.2020,2988,2755,2643,2595,2585,2615,2693,2949,3263,3450,3491,3500,3500,3409,3300,3265,3288,3349,3465,3604,3638,3573,3432,3249
02.05.2020,2951,2713,2589,2539,2538,2560,2558,2821,3150,3375,3382,3530,3422,3370,3285,3265,3317,3414,3543,3665,3675,3541,3433,3243
03.05.2020,2971,2755,2631,2594,2584,2588,2600,2797,3152,3461,3613,3679,3700,3618,3547,3528,3599,3745,3864,3960,3904,3753,3619,3367
04.05.2020,3043,2824,2706,2666,2695,2791,3055,3453,3909,4132,4096,4079,4056,4034,3959,3952,3931,3977,4102,4213,4159,3890,3648,3467
05.05.2020,3244,2993,2835,2788,2809,2898,3124,3492,3830,3937,3871,3846,3759,3717,3610,3553,3506,3497,3572,3725,3879,3877,3643,3430
06.05.2020,3086,2812,2673,2611,2608,2633,2743,3051,3453,3777,4000,4105,3980,3759,3617,3555,3640,3730,3811,3817,3807,3760,3609,3415
07.05.2020,3088,2830,2726,2684,2713,2834,3106,3488,3888,4019,4034,3999,3948,3922,3813,3745,3714,3693,3826,3976,4079,4039,3845,3567
08.05.2020,3194,2962,2839,2795,2830,2933,3177,3527,3853,3957,3914,3872,3834,3805,3714,3644,3599,3551,3648,3824,3963,4075,3852,3597
09.05.2020,3262,2981,2846,2812,2797,2826,2923,3212,3465,3590,3650,3667,3576,3503,3389,3322,3312,3342,3435,3576,3715,3776,3656,3417
10.05.2020,3093,2830,2726,2689,2676,2698,2748,2997,3279,3458,3546,3555,3534,3443,3353,3303,3348,3431,3562,3707,3801,3789,3656,3373
11.05.2020,3026,2796,2662,2631,2643,2773,3036,3423,3724,3826,3846,3865,3851,3857,3787,3760,3718,3693,3747,3812,3880,3850,3674,3468
12.05.2020,3127,2885,2771,2717,2744,2825,3038,3396,3710,3811,3855,3898,3826,3818,3765,3763,3747,3703,3747,3849,3911,3907,3666,3426
13.05.2020,3070,2837,2686,2635,2647,2733,2958,3326,3649,3747,3749,3782,3760,3756,3677,3668,3628,3609,3698,3777,3810,3855,3654,3427
14.05.2020,3068,2835,2750,2709,2725,2810,3043,3388,3699,3828,3825,3819,3777,3793,3738,3705,3680,3661,3727,3794,3836,3869,3654,3395
15.05.2020,3076,2823,2696,2654,2714,2790,2992,3261,3588,3741,3815,3894,3910,3934,3887,3881,3911,3855,3865,3901,3869,3877,3696,3377
16.05.2020,3022,2803,2643,2593,2552,2565,2617,2900,3201,3446,3533,3600,3647,3514,3387,3397,3457,3486,3524,3601,3656,3663,3572,3332
17.05.2020,2989,2776,2660,2620,2600,2602,2659,2874,3113,3376,3491,3568,3566,3481,3404,3360,3411,3476,3547,3628,3688,3761,3612,3335
18.05.2020,3006,2791,2672,2637,2667,2768,3020,3375,3722,3849,3906,3931,3902,3932,3881,3850,3813,3767,3822,3916,3923,3872,3640,3446
19.05.2020,3108,2811,2713,2670,2691,2761,3003,3337,3672,3806,3799,3810,3775,3801,3737,3730,3711,3690,3766,3829,3842,3860,3665,3433
20.05.2020,3082,2872,2760,2734,2743,2805,3024,3380,3717,3859,3871,3901,3865,3898,3843,3790,3782,3760,3832,3917,3910,3887,3662,3407
21.05.2020,3073,2873,2776,2734,2752,2821,3051,3385,3740,3917,3961,4019,3974,3947,3899,3885,3881,3880,3998,4043,3893,3785,3614,3386
22.05.2020,3071,2892,2804,2772,2792,2861,3115,3449,3855,4019,3975,3935,3859,3835,3787,3733,3702,3660,3729,3827,3811,3870,3738,3505
23.05.2020,3171,2919,2800,2728,2717,2724,2809,3042,3353,3529,3597,3578,3558,3488,3355,3310,3321,3365,3419,3500,3551,3626,3526,3296
24.05.2020,2966,2719,2584,2538,2533,2511,2618,2930,3141,3364,3425,3405,3378,3276,3200,3182,3234,3371,3524,3666,3607,3511,3377,3160
25.05.2020,2870,2661,2559,2509,2502,2540,2658,2942,3242,3423,3576,3592,3576,3532,3479,3441,3498,3549,3622,3758,3749,3710,3599,3342
26.05.2020,3021,2782,2680,2641,2679,2773,3078,3482,3856,3987,4014,3974,3949,3941,3902,3855,3809,3799,3923,4074,4062,4001,3752,3484
27.05.2020,3130,2899,2766,2724,2754,2815,3099,3478,3863,3984,3965,3942,3892,3850,3785,3774,3767,3763,3947,4095,4036,4008,3791,3502
28.05.2020,3143,2926,2834,2779,2785,2868,3156,3546,3913,4032,4015,3977,3909,3922,3877,3877,3852,3846,4003,4105,4051,4035,3866,3544
29.05.2020,3180,2952,2854,2798,2837,2910,3184,3576,3950,4051,4026,4022,3954,3945,3875,3838,3806,3816,3882,3971,3903,3940,3816,3591
30.05.2020,3231,2957,2847,2795,2793,2813,2904,3174,3492,3667,3736,3718,3626,3544,3478,3432,3449,3491,3594,3693,3716,3693,3618,3417
31.05.2020,3104,2876,2746,2680,2687,2667,2725,2956,3249,3507,3612,3651,3651,3541,3451,3390,3474,3622,3774,3901,3840,3816,3713,3436
01.06.2020,3080,2847,2743,2721,2723,2846,3135,3561,3845,3969,3981,4000,3917,3896,3825,3798,3775,3729,3816,3935,3992,4011,3838,3559
02.06.2020,3184,2946,2790,2736,2769,2845,3137,3527,3864,3965,3968,3978,3915,3882,3807,3776,3789,3818,3955,4056,3984,4007,3843,3562
03.06.2020,3154,2944,2846,2802,2828,2914,3234,3623,3922,4019,3963,3957,3887,3895,3788,3777,3766,3760,3844,3920,3908,3998,3815,3527
04.06.2020,3137,2907,2795,2742,2752,2826,3128,3504,3784,3898,3867,3861,3815,3806,3749,3727,3725,3693,3771,3854,3839,3939,3825,3530
05.06.2020,3157,2920,2817,2764,2783,2847,3135,3510,3817,3934,3910,3913,3861,3867,3826,3788,3797,3761,3823,3876,3859,3888,3745,3513
06.06.2020,3166,2906,2762,2698,2684,2682,2784,3032,3336,3452,3514,3536,3508,3455,3388,3429,3431,3319,3361,3551,3561,3592,3495,3303
07.06.2020,3007,2782,2655,2602,2588,2594,2669,2903,3251,3445,3555,3598,3590,3516,3414,3410,3466,3536,3594,3664,3698,3742,3662,3359
08.06.2020,2999,2774,2664,2611,2639,2746,3056,3436,3743,3879,3879,3918,3883,3926,3872,3877,3867,3812,3860,3930,3888,3893,3764,3491
09.06.2020,3139,2912,2798,2769,2792,2870,3146,3498,3842,3964,3969,3990,3940,3985,3942,3929,3921,3865,3937,3988,3931,3886,3735,3482
10.06.2020,3140,2928,2826,2784,2815,2895,3174,3559,3880,4013,4017,4026,3979,4007,3945,3916,3923,3864,3930,3968,3890,3879,3750,3497
11.06.2020,3154,2917,2791,2758,2793,2872,3166,3499,3859,3983,3985,4008,3943,3953,3909,3901,3909,3919,3999,4024,3916,3873,3723,3441
12.06.2020,3126,2915,2799,2749,2783,2851,3121,3494,3816,3968,3985,4000,3942,3939,3864,3815,3810,3797,3851,3910,3830,3808,3683,3460
13.06.2020,3138,2929,2801,2741,2748,2735,2841,3097,3409,3586,3666,3679,3654,3581,3518,3468,3523,3553,3648,3715,3663,3655,3570,3376
14.06.2020,3072,2880,2759,2698,2686,2675,2742,2957,3284,3507,3613,3668,3663,3583,3514,3492,3526,3614,3680,3751,3723,3748,3697,3428
15.06.2020,3087,2848,2736,2685,2714,2822,3129,3494,3817,3961,3939,3970,3921,3951,3913,3889,3864,3806,3887,3955,3882,3852,3716,3470
16.06.2020,3144,2883,2790,2758,2782,2866,3135,3502,3837,3958,3967,3959,3915,3935,3884,3876,3852,3844,3946,4019,3897,3891,3754,3495
17.06.2020,3146,2964,2850,2811,2830,2908,3177,3527,3828,3987,3976,3955,3917,3956,3900,3876,3853,3835,3929,4024,3908,3917,3787,3482
18.06.2020,3185,2981,2875,2825,2863,2911,3199,3569,3869,3996,3990,3992,3938,3943,3866,3862,3859,3829,3923,3961,3899,3932,3823,3572
19.06.2020,3205,2999,2874,2821,2845,2909,3180,3556,3934,4069,4044,4051,3988,4020,3988,3967,3945,3870,3900,3940,3813,3822,3781,3562
20.06.2020,3246,3010,2881,2806,2802,2791,2912,3166,3450,3674,3737,3756,3727,3696,3617,3578,3620,3649,3694,3719,3637,3625,3618,3401
21.06.2020,3114,2906,2786,2694,2676,2672,2788,2994,3302,3498,3625,3649,3659,3604,3520,3488,3558,3626,3700,3734,3692,3737,3698,3410
22.06.2020,3089,2858,2769,2715,2752,2852,3155,3508,3797,3928,3953,4004,3958,3963,3887,3912,3877,3825,3871,3926,3857,3889,3798,3531
23.06.2020,3202,2971,2862,2820,2833,2896,3161,3513,3828,4018,3954,4010,3961,3977,3920,3904,3896,3872,3959,3996,3886,3867,3702,3463
24.06.2020,3136,2939,2832,2786,2794,2871,3128,3488,3791,3946,3936,3943,3926,3959,3917,3920,3894,3856,3919,3945,3882,3933,3829,3576
25.06.2020,3195,2964,2849,2808,2821,2896,3180,3539,3907,4053,4060,4099,4073,4121,4077,4055,4049,3992,4043,4086,3963,4004,3924,3674
26.06.2020,3334,3090,2973,2908,2908,2989,3247,3624,3917,4042,4067,4080,4067,4074,4040,4009,4000,3947,3976,3980,3857,3886,3843,3646
27.06.2020,3292,3038,2907,2813,2818,2786,2851,3147,3445,3648,3749,3753,3763,3754,3650,3611,3658,3722,3776,3784,3728,3775,3707,3519
28.06.2020,3192,2966,2850,2767,2749,2751,2818,3027,3315,3556,3689,3758,3780,3726,3682,3653,3691,3782,3820,3875,3824,3880,3876,3579
29.06.2020,3213,2976,2859,2802,2828,2904,3187,3586,3918,4081,4076,4176,4179,4244,4231,4211,4203,4145,4176,4159,4075,4073,3987,3705
30.06.2020,3333,3076,2955,2897,2904,2983,3241,3608,3966,4167,4200,4298,4311,4330,4307,4306,4283,4213,4240,4244,4154,4153,4049,3750
01.07.2020,3353,3094,2966,2909,2922,2984,3247,3628,4020,4201,4273,4351,4353,4413,4399,4402,4411,4328,4354,4311,4184,4204,4138,3886
02.07.2020,3479,3207,3075,3005,3019,3086,3344,3674,4008,4257,4347,4463,4475,4527,4504,4490,4475,4404,4423,4403,4243,4274,4199,3905
03.07.2020,3527,3247,3132,3060,3076,3134,3395,3733,4085,4261,4346,4440,4414,4466,4491,4497,4462,4464,4366,4353,4256,4190,4099,3756
04.07.2020,3484,3236,3101,3027,3014,2997,3073,3278,3560,3812,3946,4063,4108,4072,3967,3922,3939,3978,4000,3998,3884,3913,3879,3665
05.07.2020,3362,3109,2959,2893,2882,2871,2909,3102,3404,3653,3732,3824,3882,3855,3801,3789,3846,3895,3938,3928,3894,3943,3878,3606
06.07.2020,3258,3019,2891,2839,2854,2958,3223,3596,4001,4235,4302,4411,4432,4496,4483,4458,4455,4363,4382,4371,4304,4301,4112,3808
07.07.2020,3435,3192,3063,3010,3000,3066,3313,3728,4108,4102,4227,4331,4358,4423,4348,4262,4197,4136,4173,4153,4052,4033,3874,3607
08.07.2020,3305,3091,3004,2943,2954,2998,3240,3563,3924,4048,4078,4117,4067,4104,4089,4078,4098,4051,4064,4115,4013,4055,3986,3751
09.07.2020,3375,3101,2982,2930,2967,3028,3251,3639,3956,4177,4201,4261,4238,4282,4245,4224,4236,4169,4186,4215,4076,4123,4059,3795
10.07.2020,3451,3217,3103,3036,3041,3089,3331,3679,3967,4158,4165,4228,4244,4282,4236,4237,4231,4184,4189,4174,4026,4049,3996,3779
11.07.2020,3431,3192,3051,2989,2970,2980,3065,3312,3583,3824,3907,3979,4032,4006,3895,3862,3843,3893,3929,3932,3874,3915,3856,3645
12.07.2020,3346,3092,2948,2886,2845,2855,2923,3118,3439,3698,3789,3861,3894,3833,3757,3755,3822,3869,3930,3954,3927,3990,3871,3607
13.07.2020,3260,3020,2921,2869,2880,2981,3250,3597,3913,4066,4078,4093,4062,4118,4076,4059,4021,3987,4021,4025,3958,4010,3874,3604
14.07.2020,3275,3055,2955,2904,2917,2996,3237,3602,3959,4136,4131,4146,4105,4143,4125,4113,4112,4058,4088,4123,4028,4071,3975,3711
15.07.2020,3350,3108,2983,2944,2960,3024,3268,3621,3953,4162,4173,4192,4117,4179,4154,4152,4138,4133,4144,4192,4093,4130,4021,3757
16.07.2020,3403,3165,3049,2997,3011,3099,3342,3662,3972,4220,4266,4285,4274,4345,4286,4216,4158,4097,4144,4189,4081,4090,3985,3748
17.07.2020,3369,3161,3039,2999,3018,3086,3318,3671,4067,4230,4195,4206,4219,4260,4195,4164,4116,4079,4098,4101,4016,4033,3884,3656
18.07.2020,3309,3088,2966,2917,2895,2887,2961,3178,3509,3734,3825,3900,3912,3840,3759,3704,3727,3783,3840,3854,3796,3778,3651,3466
19.07.2020,3195,3008,2881,2820,2778,2790,2851,3101,3423,3640,3798,3864,3906,3829,3738,3749,3796,3858,3941,3972,3901,3917,3830,3561
20.07.2020,3238,3020,2909,2839,2875,2980,3237,3584,3899,4079,4143,4141,4188,4231,4180,4155,4135,4092,4135,4141,4066,4108,4013,3723
21.07.2020,3361,3152,3007,2993,2999,3082,3298,3652,3982,4167,4209,4249,4268,4294,4268,4267,4270,4166,4245,4245,4122,4136,4033,3758
22.07.2020,3396,3155,3032,2988,2992,3051,3298,3629,3956,4151,4258,4352,4346,4419,4389,4393,4363,4313,4342,4336,4240,4241,4118,3837
23.07.2020,3463,3225,3111,3050,3039,3130,3347,3704,4098,4274,4314,4364,4366,4461,4413,4397,4371,4299,4328,4321,4199,4236,4051,3771
24.07.2020,3413,3176,3066,3008,3000,3081,3305,3640,3982,4178,4211,4234,4229,4271,4244,4251,4227,4157,4209,4207,4082,4089,3913,3671
25.07.2020,3340,3108,2971,2899,2881,2898,2975,3265,3594,3808,3906,3964,4001,3967,3882,3843,3858,3918,3958,4003,3931,3871,3734,3538
26.07.2020,3245,3056,2907,2809,2787,2797,2881,3077,3390,3620,3768,3865,3887,3829,3761,3752,3789,3875,3921,3938,3896,3946,3834,3580
27.07.2020,3256,3036,2930,2878,2905,2995,3249,3616,3971,4158,4213,4301,4313,4399,4360,4336,4286,4208,4246,4194,4077,4101,3966,3673
28.07.2020,3352,3149,3041,2982,2970,3063,3272,3624,3992,4213,4231,4281,4277,4396,4380,4397,4385,4318,4364,4344,4270,4267,4122,3808
29.07.2020,3426,3216,3087,3042,3041,3128,3372,3725,4112,4313,4339,4471,4515,4587,4560,4565,4553,4477,4498,4524,4389,4450,4221,3897
30.07.2020,3504,3257,3136,3059,3063,3121,3341,3690,4061,4311,4440,4573,4615,4670,4634,4623,4610,4572,4624,4583,4467,4510,4298,3951
31.07.2020,3566,3285,3148,3067,3063,3133,3346,3708,4099,4335,4479,4588,4625,4675,4611,4583,4571,4538,4573,4506,4387,4395,4177,3922
01.08.2020,3552,3271,3146,3058,3035,3031,3089,3362,3728,3975,4126,4213,4244,4178,4095,4039,4089,4141,4145,4113,4033,4034,3893,3681
02.08.2020,3386,3151,3033,2965,2940,2939,2974,3153,3434,3706,3841,3912,3945,3924,3874,3881,3946,4007,4051,4074,4010,4058,3925,3651
03.08.2020,3311,3096,2982,2932,2947,3021,3222,3568,3883,4132,4192,4253,4263,4316,4304,4305,4303,4245,4274,4253,4137,4162,3973,3712
04.08.2020,3353,3117,2997,2931,2948,3023,3202,3542,3875,4112,4180,4255,4274,4328,4336,4358,4387,4329,4351,4323,4196,4222,4024,3723
05.08.2020,3393,3161,3032,2959,2961,3041,3250,3592,3983,4168,4160,4232,4253,4338,4255,4213,4205,4167,4195,4146,4092,4093,3862,3575
06.08.2020,3244,2995,2895,2848,2864,2924,3139,3458,3833,4021,4096,4164,4150,4195,4203,4184,4177,4123,4152,4135,4122,4137,3916,3656
07.08.2020,3329,3107,2979,2927,2910,2998,3212,3542,3879,4045,4055,4080,4106,4214,4193,4189,4168,4131,4190,4201,4159,4092,3880,3631
08.08.2020,3252,3054,2927,2864,2844,2831,2887,3178,3530,3694,3816,3937,3992,3988,3933,3867,3840,3892,3913,3915,3865,3770,3588,3432
09.08.2020,3264,3064,2951,2881,2857,2878,2910,3126,3430,3701,3875,3942,3978,3936,3884,3863,3909,3970,4021,4018,3992,4044,3868,3577
10.08.2020,3244,3031,2898,2830,2856,2952,3187,3500,3832,4062,4182,4235,4272,4338,4326,4325,4313,4247,4275,4230,4184,4206,3984,3690
11.08.2020,3356,3113,2988,2933,2920,2973,3198,3517,3871,4114,4183,4260,4281,4349,4325,4325,4310,4256,4290,4227,4216,4224,4005,3717
12.08.2020,3340,3130,3008,2950,2955,3023,3229,3556,3966,4148,4201,4295,4357,4373,4279,4256,4254,4214,4230,4255,4255,4201,3922,3627
13.08.2020,3297,3089,2963,2918,2922,3016,3214,3540,3886,4113,4173,4269,4298,4354,4320,4279,4294,4223,4222,4218,4197,4212,3956,3642
14.08.2020,3321,3097,2977,2921,2933,3021,3205,3534,3897,4100,4172,4251,4251,4315,4273,4274,4267,4210,4206,4171,4153,4123,3878,3631
15.08.2020,3329,3111,2966,2896,2890,2880,2943,3141,3456,3656,3743,3820,3818,3762,3684,3660,3689,3767,3792,3782,3799,3742,3559,3366
16.08.2020,3105,2909,2805,2749,2735,2755,2795,2969,3268,3516,3650,3701,3693,3635,3569,3567,3598,3679,3742,3769,3851,3833,3621,3363
17.08.2020,3072,2863,2746,2698,2708,2822,3075,3426,3787,3990,4021,4065,4033,4108,4084,4090,4087,4044,4076,4081,4161,4103,3843,3540
18.08.2020,3234,3018,2894,2859,2881,2970,3189,3505,3843,4005,4057,4092,4100,4169,4150,4153,4162,4107,4150,4149,4176,4142,3857,3582
19.08.2020,3249,3035,2899,2862,2863,2955,3196,3488,3855,4029,4054,4152,4112,4136,4094,4090,4077,4023,4081,4103,4123,4026,3753,3503
20.08.2020,3188,2982,2867,2835,2845,2932,3167,3467,3832,4010,4058,4125,4095,4113,4066,4046,4027,4003,4053,4106,4133,4074,3794,3524
21.08.2020,3217,3029,2934,2895,2896,2992,3211,3532,3871,4056,4101,4154,4153,4214,4200,4170,4149,4103,4119,4119,4155,4091,3827,3577
22.08.2020,3230,2964,2844,2791,2776,2806,2896,3119,3472,3707,3809,3901,3919,3919,3888,3894,3902,3952,4008,3987,4044,3969,3717,3454
23.08.2020,3204,2987,2856,2775,2761,2788,2834,3022,3336,3613,3755,3863,3921,3894,3828,3822,3880,3947,3986,3992,4115,4061,3817,3516
24.08.2020,3216,2995,2897,2854,2858,2944,3196,3532,3934,4154,4240,4328,4348,4425,4412,4410,4376,4284,4292,4283,4338,4216,3927,3630
25.08.2020,3290,3097,2989,2928,2943,3040,3256,3567,3964,4155,4215,4295,4278,4284,4242,4200,4168,4099,4122,4158,4187,4047,3787,3523
26.08.2020,3219,3013,2902,2858,2877,2978,3227,3530,3888,4060,4100,4159,4160,4234,4196,4184,4216,4159,4190,4220,4301,4219,3910,3613
27.08.2020,3281,3062,2947,2902,2902,2997,3235,3521,3899,4102,4116,4177,4178,4260,4248,4244,4257,4206,4238,4228,4349,4190,3950,3636
28.08.2020,3283,3067,2967,2932,2924,3025,3264,3582,3950,4120,4197,4246,4259,4360,4321,4332,4311,4244,4255,4242,4304,4149,3888,3652
29.08.2020,3340,3116,2981,2918,2905,2946,3040,3238,3570,3818,3953,4044,4096,4085,4032,4024,4048,4092,4113,4106,4145,3986,3775,3552
30.08.2020,3278,3071,2955,2908,2887,2926,2975,3154,3434,3721,3874,3956,4019,3996,3971,3972,4046,4104,4155,4140,4256,4118,3898,3638
31.08.2020,3307,3104,2985,2944,2961,3077,3338,3662,4007,4276,4370,4484,4504,4625,4635,4632,4614,4540,4532,4512,4597,4361,4109,3781
01.09.2020,3437,3205,3082,3053,3055,3160,3401,3677,4011,4235,4323,4416,4453,4559,4571,4566,4595,4531,4549,4506,4571,4385,4122,3819
02.09.2020,3462,3259,3144,3073,3072,3169,3427,3713,4120,4304,4316,4401,4384,4460,4449,4452,4460,4365,4397,4427,4519,4320,4006,3709
03.09.2020,3392,3160,3045,3005,3008,3117,3369,3665,4048,4226,4259,4311,4296,4381,4372,4373,4389,4295,4324,4420,4491,4249,3989,3692
04.09.2020,3418,3184,3052,2965,2976,3020,3257,3524,3871,4055,4073,4117,4084,4134,4113,4088,4030,3937,3971,3977,4042,3811,3599,3392
05.09.2020,3299,3102,2991,2943,2932,2953,3037,3245,3523,3764,3859,3875,3883,3844,3772,3741,3757,3790,3828,3856,3930,3733,3572,3369
06.09.2020,2962,2765,2665,2621,2607,2654,2726,2918,3247,3514,3604,3674,3679,3624,3596,3587,3645,3719,3806,3885,3987,3794,3616,3383
07.09.2020,3079,2870,2771,2726,2724,2775,2911,3149,3495,3777,3880,3933,3935,3958,3944,3933,3974,4026,4068,4117,4309,4079,3846,3560
08.09.2020,3251,3022,2911,2826,2840,2970,3254,3566,3920,4073,4131,4203,4189,4279,4297,4291,4254,4178,4197,4242,4372,4157,3887,3602
09.09.2020,3271,3059,2951,2907,2913,3019,3269,3572,3942,4086,4129,4210,4226,4315,4298,4296,4290,4216,4253,4293,4405,4206,3932,3657
10.09.2020,3310,3114,2995,2952,2954,3060,3339,3638,3986,4140,4159,4209,4170,4287,4274,4295,4271,4222,4220,4279,4411,4164,3874,3606
11.09.2020,3288,3046,2938,2891,2914,3024,3290,3646,3989,4108,4158,4223,4226,4286,4285,4291,4267,4205,4194,4282,4304,4014,3843,3632
12.09.2020,3344,3115,2979,2941,2937,2914,3066,3234,3517,3760,3900,3949,3932,3901,3847,3835,3860,3913,3949,3981,4120,3815,3636,3466
13.09.2020,3198,2991,2884,2830,2814,2841,2906,3058,3343,3609,3721,3830,3816,3781,3700,3704,3749,3824,3890,4006,4143,3895,3694,3419
14.09.2020,3109,2946,2856,2824,2833,2986,3313,3609,3908,4095,4123,4197,4195,4249,4257,4232,4223,4103,4156,4302,4453,4207,3915,3623
15.09.2020,3267,3090,2985,2899,2912,3022,3324,3666,3991,4054,4023,4092,4083,4170,4172,4160,4139,4096,4135,4246,4388,4129,3829,3552
16.09.2020,3221,3032,2928,2886,2905,3018,3380,3673,3975,4103,4057,4164,4132,4187,4176,4176,4136,4074,4118,4280,4402,4126,3821,3547
17.09.2020,3225,3022,2925,2889,2897,3010,3361,3709,3983,4133,4145,4189,4162,4236,4243,4246,4191,4109,4189,4328,4404,4146,3900,3624
18.09.2020,3283,3107,3034,2971,2976,3106,3470,3760,4011,4108,4113,4138,4062,4139,4102,4091,4053,3973,4030,4209,4213,3926,3721,3522
19.09.2020,3232,3065,2937,2897,2876,2938,3055,3222,3515,3715,3810,3828,3797,3734,3656,3633,3650,3682,3754,3951,3990,3688,3536,3325
20.09.2020,3084,2893,2774,2748,2740,2779,2869,3021,3325,3579,3661,3693,3683,3607,3538,3526,3571,3674,3760,4020,4150,3872,3588,3318
21.09.2020,3004,2842,2751,2681,2702,2815,3169,3455,3708,3817,3766,3775,3737,3769,3764,3764,3751,3738,3776,3973,4024,3748,3527,3324
22.09.2020,3035,2863,2775,2741,2752,2796,2965,3175,3550,3748,3797,3830,3779,3743,3688,3665,3700,3739,3798,4062,4146,3871,3586,3337
23.09.2020,3030,2838,2749,2709,2716,2879,3274,3659,3882,4019,4025,3997,3919,3955,3985,3991,3973,3955,4043,4314,4287,4008,3759,3491
24.09.2020,3125,2951,2877,2846,2853,2990,3389,3659,3915,4063,4105,4139,4067,4106,4092,4088,4051,4019,4127,4368,4351,4079,3798,3444
25.09.2020,3238,3042,2952,2876,2884,2997,3356,3663,3932,4050,4035,4030,3969,3999,3979,3969,3944,3890,3990,4267,4240,3924,3678,3487
26.09.2020,3218,3036,2934,2885,2867,2934,3067,3240,3637,3870,3955,3991,3911,3847,3767,3743,3761,3861,3948,4086,3931,3673,3525,3335
27.09.2020,3071,2894,2798,2735,2732,2767,2878,3074,3440,3657,3745,3763,3717,3652,3586,3571,3640,3714,3854,4177,4215,3911,3703,3404
28.09.2020,3102,2924,2843,2803,2844,2968,3369,3718,4008,4156,4125,4148,4046,4065,4041,4038,4039,4019,4127,4438,4318,3998,3769,3530
29.09.2020,3251,3059,2968,2920,2945,3078,3455,3803,4092,4208,4174,4170,4067,4062,4048,4023,4022,4008,4203,4502,4375,4064,3836,3585
30.09.2020,3262,3078,2987,2954,2980,3122,3486,3838,4062,4222,4196,4190,4142,4125,4073,4070,4073,4056,4262,4580,4475,4173,3871,3608
01.10.2020,3263,3071,2958,2886,2913,3031,3421,3777,4049,4228,4189,4162,4090,4075,4046,4042,4040,4021,4222,4525,4430,4082,3802,3539
02.10.2020,3216,2995,2893,2861,2883,3035,3417,3760,4037,4115,4034,3983,3915,3914,3869,3849,3818,3797,3924,4314,4253,3974,3734,3525
03.10.2020,3215,3036,2930,2859,2845,2899,3031,3261,3603,3804,3815,3789,3752,3696,3641,3600,3631,3685,3782,4109,3993,3687,3545,3380
04.10.2020,3117,2945,2854,2771,2771,2810,2900,3039,3335,3650,3725,3770,3746,3657,3620,3607,3668,3768,3893,4238,4156,3809,3604,3317
05.10.2020,3066,2909,2802,2748,2845,2985,3371,3725,3976,4118,4082,4100,4035,4127,4103,4104,4065,3999,4139,4434,4264,3949,3733,3499
06.10.2020,3210,3015,2932,2901,2931,3050,3415,3734,3999,4166,4153,4156,4070,4073,4079,4064,4079,4057,4267,4566,4403,4110,3798,3550
07.10.2020,3253,3040,2951,2880,2875,2981,3362,3716,3961,4064,4015,3994,3908,3955,3928,3889,3883,3878,4090,4404,4256,3970,3698,3462
08.10.2020,3149,2956,2880,2829,2877,2997,3377,3710,4028,4205,4208,4221,4147,4129,4070,4067,4080,4102,4319,4536,4338,4065,3788,3528
09.10.2020,3216,3020,2956,2899,2934,3066,3445,3861,4187,4343,4324,4322,4241,4197,4144,4132,4114,4156,4338,4551,4310,4004,3805,3596
10.10.2020,3317,3088,2976,2922,2912,2970,3114,3275,3600,3860,3912,3898,3817,3724,3633,3593,3627,3636,3793,4141,4012,3724,3620,3465
11.10.2020,3186,2987,2862,2815,2817,2848,2951,3117,3440,3722,3777,3796,3718,3691,3598,3566,3603,3714,3969,4334,4219,3893,3701,3390
12.10.2020,3141,2951,2866,2813,2857,3018,3454,3796,4062,4178,4082,4045,3971,3971,3904,3874,3880,3857,4116,4503,4341,4024,3741,3480
13.10.2020,3146,2995,2921,2841,2858,2998,3398,3760,4069,4268,4250,4215,4103,4071,4044,4031,3987,3989,4254,4596,4417,4050,3756,3502
14.10.2020,3212,2995,2925,2878,2914,3052,3445,3818,4102,4227,4133,4076,3975,3982,3916,3890,3874,3879,4165,4600,4452,4117,3807,3570
15.10.2020,3263,3049,2942,2910,2934,3069,3491,3925,4229,4300,4210,4150,4035,4040,4004,3964,3937,3935,4211,4676,4493,4180,3897,3618
16.10.2020,3331,3110,2994,2979,3016,3131,3513,3860,4078,4271,4237,4209,4117,4081,3989,3973,3985,4010,4310,4640,4415,4113,3845,3619
17.10.2020,3344,3112,2998,2941,2934,2976,3134,3341,3691,3956,3992,3972,3903,3842,3742,3688,3710,3816,4081,4354,4114,3753,3627,3448
18.10.2020,3230,3041,2928,2877,2843,2892,3012,3166,3505,3849,3959,3938,3895,3796,3689,3681,3765,3955,4335,4605,4500,4182,3873,3545
19.10.2020,3241,3038,2938,2903,2926,3120,3573,4016,4357,4430,4308,4250,4137,4126,4055,4021,4020,4049,4435,4865,4729,4439,4106,3767
20.10.2020,3401,3190,3114,3074,3088,3238,3716,4217,4562,4690,4536,4394,4209,4191,4121,4080,4082,4156,4567,5036,4837,4536,4246,3914
21.10.2020,3552,3312,3200,3169,3204,3365,3861,4304,4580,4693,4573,4429,4279,4257,4160,4123,4080,4181,4622,5101,4904,4568,4259,3963
22.10.2020,3576,3327,3213,3180,3211,3368,3833,4305,4616,4744,4598,4467,4310,4241,4152,4117,4073,4152,4579,5081,4910,4616,4263,3964
23.10.2020,3591,3367,3251,3157,3192,3335,3806,4256,4582,4661,4507,4352,4195,4172,4108,4049,4011,4038,4418,4836,4666,4365,4119,3857
24.10.2020,3525,3273,3159,3105,3099,3164,3317,3559,3979,4185,4132,4054,3964,3857,3755,3723,3769,3893,4299,4592,4372,4041,3844,3654
25.10.2020,3378,3149,3020,2951,2935,2926,3000,3161,3520,3902,4060,4057,4173,4225,4208,4133,4153,4281,4599,4852,4714,4440,4075,3851
26.10.2020,3285,3125,3002,2966,3023,3244,3718,4067,4327,4466,4340,4301,4184,4157,4080,4127,4180,4468,4878,4800,4550,4247,4059,3751
27.10.2020,3407,3231,3130,3085,3149,3344,3789,4243,4500,4574,4435,4291,4208,4193,4166,4161,4215,4574,5008,4933,4665,4366,4135,3810
28.10.2020,3451,3271,3173,3146,3201,3361,3786,4212,4534,4686,4621,4571,4419,4375,4352,4376,4436,4716,5082,5004,4682,4358,4105,3799
29.10.2020,3414,3233,3152,3108,3123,3272,3679,4112,4469,4594,4527,4466,4352,4336,4268,4245,4307,4624,4989,4926,4672,4385,4129,3813
30.10.2020,3495,3271,3174,3139,3157,3298,3643,4030,4465,4609,4527,4473,4368,4343,4289,4282,4344,4666,4980,4894,4634,4360,4129,3872
31.10.2020,3548,3350,3239,3188,3160,3224,3394,3731,4127,4340,4324,4322,4274,4238,4192,4255,4409,4717,4878,4686,4405,4120,4011,3811
01.11.2020,3506,3326,3227,3174,3157,3166,3304,3558,3983,4185,4186,4184,4116,3981,3893,3877,4034,4586,4996,4858,4595,4301,4133,3794
02.11.2020,3478,3301,3224,3185,3229,3375,3749,4228,4680,4875,4779,4659,4528,4504,4441,4433,4503,4889,5240,5148,4876,4534,4297,3959
03.11.2020,3599,3408,3323,3266,3294,3428,3806,4239,4619,4845,4822,4785,4677,4673,4596,4566,4681,4931,5170,5070,4804,4501,4244,3946
04.11.2020,3602,3394,3302,3227,3240,3387,3784,4208,4609,4712,4617,4598,4518,4523,4473,4488,4583,4888,5179,5087,4832,4513,4250,3938
05.11.2020,3604,3399,3308,3275,3302,3443,3847,4265,4604,4693,4588,4513,4400,4389,4326,4345,4449,4823,5163,5111,4853,4552,4315,3986
06.11.2020,3645,3436,3352,3311,3350,3491,3924,4419,4786,4889,4751,4640,4490,4476,4401,4412,4487,4906,5270,5194,4902,4559,4355,4092
07.11.2020,3741,3515,3371,3282,3321,3399,3538,3833,4153,4347,4314,4271,4199,4101,4013,4029,4209,4733,4981,4843,4595,4287,4219,3961
08.11.2020,3649,3443,3335,3262,3224,3312,3433,3690,4076,4318,4379,4335,4265,4188,4078,4108,4359,4938,5217,5075,4795,4495,4243,3905
09.11.2020,3582,3397,3314,3220,3262,3445,3918,4432,4910,5078,4999,4949,4823,4797,4703,4695,4763,5077,5333,5249,4987,4682,4441,4080
10.11.2020,3730,3533,3421,3380,3408,3549,3991,4463,4903,5071,4994,4949,4860,4867,4830,4807,4883,5196,5411,5313,5051,4737,4448,4111
11.11.2020,3725,3508,3391,3357,3391,3535,3964,4451,4925,5122,5108,5031,4965,4978,4913,4905,4935,5289,5530,5411,5105,4788,4577,4245
12.11.2020,3828,3608,3502,3461,3508,3674,4100,4570,4935,5125,5010,4940,4819,4827,4746,4732,4802,5213,5490,5385,5118,4826,4560,4239
13.11.2020,3878,3653,3543,3456,3469,3636,4057,4528,4981,5138,5096,5058,4936,4907,4831,4830,4892,5182,5390,5282,5000,4690,4456,4164
14.11.2020,3805,3577,3457,3387,3402,3487,3661,3802,4399,4657,4654,4584,4488,4384,4275,4283,4428,4934,5136,4977,4718,4466,4344,4086
15.11.2020,3771,3565,3433,3368,3363,3424,3554,3844,4292,4561,4627,4576,4472,4369,4286,4321,4576,5189,5438,5289,4992,4692,4506,4162
16.11.2020,3824,3636,3538,3513,3548,3742,4207,4735,5174,5362,5230,5109,4919,4868,4779,4799,4916,5312,5542,5474,5151,4859,4660,4337
17.11.2020,3968,3725,3617,3587,3615,3764,4189,4656,5107,5318,5309,5259,5095,5069,4976,4966,5057,5394,5579,5466,5161,4841,4634,4302
18.11.2020,3932,3706,3577,3529,3602,3743,4155,4626,5091,5348,5294,5343,5252,5233,5161,5180,5236,5490,5631,5485,5221,4907,4650,4330
19.11.2020,3957,3727,3611,3537,3555,3716,4103,4596,5043,5244,5166,5111,4984,4932,4876,4883,4980,5326,5558,5456,5190,4903,4660,4323
20.11.2020,3953,3709,3601,3568,3599,3765,4191,4701,5178,5347,5256,5172,5040,4994,4910,4909,5052,5376,5552,5438,5161,4879,4663,4405
21.11.2020,4030,3776,3656,3596,3611,3657,3844,4162,4681,5011,5091,5129,5073,5010,4929,4950,5132,5473,5497,5331,5067,4752,4669,4425
22.11.2020,4044,3798,3734,3647,3664,3723,3805,4095,4581,4845,4864,4751,4706,4599,4516,4569,4884,5511,5736,5580,5311,4998,4823,4469
23.11.2020,4110,3885,3773,3763,3839,4035,4548,5107,5544,5731,5638,5508,5291,5202,5101,5112,5261,5672,5866,5791,5527,5190,5004,4680
24.11.2020,4278,4044,3927,3897,3947,4089,4520,5058,5532,5715,5625,5499,5376,5332,5246,5282,5425,5798,6004,5929,5670,5325,5145,4775
25.11.2020,4394,4176,4062,3999,4040,4215,4667,5218,5711,5844,5756,5607,5418,5328,5208,5244,5418,5837,6048,5976,5736,5409,5166,4802
26.11.2020,4404,4175,4083,4049,4088,4255,4727,5318,5776,5916,5741,5584,5362,5273,5188,5199,5384,5838,6065,5970,5730,5416,5167,4831
27.11.2020,4422,4183,4074,4046,4106,4273,4708,5277,5780,5908,5741,5556,5353,5247,5128,5143,5317,5759,5960,5868,5576,5302,5142,4841
28.11.2020,4476,4245,4137,4062,4085,4162,4339,4658,5116,5363,5283,5127,4951,4791,4650,4695,5002,5567,5685,5502,5186,4915,4843,4589
29.11.2020,4255,4054,3907,3865,3868,3927,4070,4292,4731,5087,5171,5147,5075,4944,4870,4928,5264,5700,5796,5548,5279,5006,4817,4491
30.11.2020,4182,3984,3903,3879,3940,4107,4518,5104,5780,6111,6180,6193,6108,6072,5976,5927,5987,6161,6206,6087,5827,5477,5296,5001
01.12.2020,4618,4398,4282,4200,4256,4414,4784,5331,5965,6196,6133,6049,5902,5798,5713,5741,5869,6180,6317,6231,5974,5685,5437,5140
02.12.2020,4726,4485,4386,4339,4380,4539,4943,5488,6121,6318,6207,6126,5996,5911,5795,5760,5897,6228,6392,6270,5974,5665,5401,5066
03.12.2020,4686,4460,4313,4269,4304,4448,4849,5387,6039,6219,6192,6143,5998,5941,5811,5861,5954,6212,6352,6204,5877,5569,5389,5062
04.12.2020,4670,4407,4284,4242,4289,4453,4807,5330,5905,6134,6075,6022,5896,5828,5726,5716,5789,5995,6064,5908,5593,5269,5187,4847
05.12.2020,4519,4255,4133,4075,4056,4112,4271,4558,5021,5362,5345,5321,5210,5117,5027,5036,5223,5545,5594,5445,5175,4916,4900,4701
06.12.2020,4309,4050,3906,3828,3841,3873,3987,4191,4627,5041,5146,5228,5216,5091,4967,4994,5227,5565,5544,5351,5050,4819,4808,4507
07.12.2020,4162,3891,3773,3717,3752,3917,4311,4799,5469,5753,5774,5808,5724,5716,5646,5671,5736,5809,5843,5761,5513,5200,4997,4721
08.12.2020,4348,4085,3957,3903,3945,4087,4477,5010,5620,5840,5774,5755,5621,5562,5471,5461,5571,5866,6017,5893,5622,5351,5131,4815
09.12.2020,4447,4196,4057,4015,4039,4176,4514,5064,5725,6011,6039,6047,5902,5863,5784,5789,5896,6048,6110,5970,5642,5332,5136,4816
10.12.2020,4391,4136,4003,3940,3954,4091,4429,4868,5439,5704,5739,5741,5673,5631,5527,5502,5584,5742,5835,5751,5431,5170,4982,4686
11.12.2020,4317,4081,3919,3875,3896,4028,4357,4815,5365,5615,5510,5430,5291,5224,5119,5111,5254,5565,5713,5617,5304,5058,4917,4657
12.12.2020,4290,4012,3849,3769,3758,3851,4035,4272,4722,5114,5329,5386,5324,5197,5058,5039,5156,5489,5514,5339,5044,4772,4637,4514
13.12.2020,4206,3937,3794,3688,3661,3701,3784,3977,4380,4784,5004,5113,5110,5011,4895,4871,5090,5461,5480,5320,5111,4835,4649,4351
14.12.2020,4033,3790,3688,3649,3689,3845,4219,4739,5437,5768,5808,5838,5770,5744,5648,5613,5664,5767,5818,5727,5469,5187,4972,4651
15.12.2020,4306,4085,3959,3919,3940,4082,4447,4948,5565,5792,5735,5643,5449,5358,5250,5261,5390,5691,5827,5747,5452,5191,5049,4714
16.12.2020,4337,4110,3980,3942,3955,4116,4486,4971,5543,5828,5845,5841,5764,5732,5640,5630,5669,5859,5988,5856,5549,5258,5071,4736
17.12.2020,4358,4112,3977,3934,3969,4095,4453,4941,5485,5807,5826,5814,5690,5616,5541,5531,5596,5798,5912,5793,5502,5216,5037,4721
18.12.2020,4363,4121,4005,3951,3974,4127,4481,4959,5518,5814,5814,5784,5677,5581,5392,5335,5444,5748,5872,5755,5487,5232,5038,4773
19.12.2020,4384,4141,3959,3927,3925,4007,4167,4414,4905,5253,5380,5381,5304,5220,5133,5125,5264,5573,5641,5455,5215,4964,4859,4601
20.12.2020,4255,4011,3868,3793,3785,3831,3963,4215,4625,5073,5254,5354,5365,5284,5232,5240,5415,5760,5816,5637,5372,5082,4964,4650
21.12.2020,4286,4043,3909,3862,3894,4039,4417,4902,5522,5885,5907,5870,5774,5727,5631,5632,5655,5825,5912,5788,5506,5217,5085,4724
22.12.2020,4352,4087,3975,3913,3949,4078,4401,4836,5374,5692,5689,5649,5612,5565,5462,5454,5512,5734,5828,5746,5466,5196,5017,4662
23.12.2020,4282,4052,3932,3879,3897,4026,4330,4758,5265,5612,5611,5521,5356,5215,5034,4982,5113,5462,5563,5475,5287,5008,4824,4513
24.12.2020,4143,3802,3638,3575,3578,3634,3775,4072,4556,4928,5027,4978,4889,4765,4685,4723,4987,5506,5361,4841,4428,4224,4182,4037